"Node","DeviceId","Model","Serial","Role","Pool","SizeGB","Bus","Location","TempC","TempMaxC","SmartTempC","Sensors","WarnTempC","CritTempC","WarnMinutes","CritMinutes","PowerOnHrs","PctUsed","SparePct","TBWritten","CritWarnBits","Source","Note","PSComputerName","RunspaceId","PSShowComputerName"
"AZL-NODE-01","0","PC811 SK hynix 1024GB","0000_0000_0000_0000_0000_0000_0000_0001.","BOOT","","954","55","PCI Slot 19 : Bus 55 : Device 0 : Function 0 : Adapter 4","31","83","31","31/35",,,"0","0","3354","0","100","2.83","0x00","nvme-smart-log","","azl-node-01.lab.example.com","00000000-0000-0000-0000-000000000004","True"
"AZL-NODE-06","1001","KXG80ZNV512G NVMe KIOXIA 512GB","0000_0000_0000_0000_0000_0000_0000_0002.","data","SU1_Pool","477","180","PCI Slot 23 : Bus 180 : Device 0 : Function 0 : Adapter 5","36","83",,"",,,,,,,,,,"reliability-counter","pooled, temperature only","azl-node-01.lab.example.com","00000000-0000-0000-0000-000000000004","True"
"AZL-NODE-06","1002","KXG80ZNV512G NVMe KIOXIA 512GB","0000_0000_0000_0000_0000_0000_0000_0004.","data","SU1_Pool","477","181","PCI Slot 55 : Bus 181 : Device 0 : Function 0 : Adapter 6","42","83",,"",,,,,,,,,,"reliability-counter","pooled, temperature only","azl-node-01.lab.example.com","00000000-0000-0000-0000-000000000004","True"
"AZL-NODE-06","1003","KXG80ZNV512G NVMe KIOXIA 512GB","0000_0000_0000_0000_0000_0000_0000_0003.","data","SU1_Pool","477","182","PCI Slot 87 : Bus 182 : Device 0 : Function 0 : Adapter 7","42","83",,"",,,,,,,,,,"reliability-counter","pooled, temperature only","azl-node-01.lab.example.com","00000000-0000-0000-0000-000000000004","True"
"AZL-NODE-01","2001","PM9A1 NVMe Samsung 512GB","0000_0000_0000_0000_0000_0000_0000_0005.","data","SU1_Pool","477","181","PCI Slot 55 : Bus 181 : Device 0 : Function 0 : Adapter 5","34","83",,"",,,,,,,,,,"reliability-counter","pooled, temperature only","azl-node-01.lab.example.com","00000000-0000-0000-0000-000000000004","True"
"AZL-NODE-01","2002","PM9A1 NVMe Samsung 512GB","0000_0000_0000_0000_0000_0000_0000_0006.","data","SU1_Pool","477","182","PCI Slot 87 : Bus 182 : Device 0 : Function 0 : Adapter 6","35","83",,"",,,,,,,,,,"reliability-counter","pooled, temperature only","azl-node-01.lab.example.com","00000000-0000-0000-0000-000000000004","True"
"AZL-NODE-02","3001","PM9A1 NVMe Samsung 512GB","0000_0000_0000_0000_0000_0000_0000_0009.","data","SU1_Pool","477","180","PCI Slot 23 : Bus 180 : Device 0 : Function 0 : Adapter 5","36","83",,"",,,,,,,,,,"reliability-counter","pooled, temperature only","azl-node-01.lab.example.com","00000000-0000-0000-0000-000000000004","True"
"AZL-NODE-02","3002","PM9A1 NVMe Samsung 512GB","0000_0000_0000_0000_0000_0000_0000_0010.","data","SU1_Pool","477","181","PCI Slot 55 : Bus 181 : Device 0 : Function 0 : Adapter 6","41","83",,"",,,,,,,,,,"reliability-counter","pooled, temperature only","azl-node-01.lab.example.com","00000000-0000-0000-0000-000000000004","True"
"AZL-NODE-02","3003","PM9A1 NVMe Samsung 512GB","0000_0000_0000_0000_0000_0000_0000_0007.","data","SU1_Pool","477","182","PCI Slot 87 : Bus 182 : Device 0 : Function 0 : Adapter 7","39","83",,"",,,,,,,,,,"reliability-counter","pooled, temperature only","azl-node-01.lab.example.com","00000000-0000-0000-0000-000000000004","True"
"AZL-NODE-04","4001","PM9A1 NVMe Samsung 512GB","0000_0000_0000_0000_0000_0000_0000_0011.","data","SU1_Pool","477","180","PCI Slot 23 : Bus 180 : Device 0 : Function 0 : Adapter 5","35","83",,"",,,,,,,,,,"reliability-counter","pooled, temperature only","azl-node-01.lab.example.com","00000000-0000-0000-0000-000000000004","True"
"AZL-NODE-04","4002","PM9A1 NVMe Samsung 512GB","0000_0000_0000_0000_0000_0000_0000_0008.","data","SU1_Pool","477","181","PCI Slot 55 : Bus 181 : Device 0 : Function 0 : Adapter 6","39","83",,"",,,,,,,,,,"reliability-counter","pooled, temperature only","azl-node-01.lab.example.com","00000000-0000-0000-0000-000000000004","True"
"AZL-NODE-04","4003","PM9A1 NVMe Samsung 512GB","0000_0000_0000_0000_0000_0000_0000_0013.","data","SU1_Pool","477","182","PCI Slot 87 : Bus 182 : Device 0 : Function 0 : Adapter 7","38","83",,"",,,,,,,,,,"reliability-counter","pooled, temperature only","azl-node-01.lab.example.com","00000000-0000-0000-0000-000000000004","True"
